{
  "name": "forge-compendium-browser",
  "title": "The Forge: Compendium Library",
  "description": "Browse your compendium books like they were meant to be viewed. The Forge's Compendium Library lets you navigate your D&amp;D Beyond imported books in a beautiful and easy to use interface!",
  "version": "1.0.5",
  "minimumCoreVersion": "9",
  "compatibleCoreVersion": "9",
  "author": "The Forge",
  "authors": [
    {
      "name": "The Forge"
    },
    {
      "name": "IronMonk"
    },
    {
      "name": "KaKaRoTo"
    }
  ],
  "scripts": [
    "dist/ForgeCompendiumBrowserModule.umd.min.js"
  ],
  "packs": [],
  "styles": [
    "css/browser.css"
  ],
  "socket": true,
  "languages": [
    {
      "lang": "en",
      "name": "English",
      "path": "lang/en.json"
    }
  ],
  "dependencies": [
    {
      "name": "dlopen",
      "type": "module",
      "manifest": "https://raw.githubusercontent.com/ForgeVTT/fvtt-module-dlopen/master/module.json"
    },
    {
      "name": "vueport",
      "type": "module",
      "manifest": "https://raw.githubusercontent.com/ForgeVTT/fvtt-module-vueport/master/module.json"
    }
  ],
  "media": [
      {
          "type": "cover",
          "url": "img/cover.png"
      }
  ],
  "url": "https://github.com/ForgeVTT/forge-compendium-browser",
  "manifest": "https://github.com/ForgeVTT/forge-compendium-browser/releases/latest/download/module.json",
  "download": "https://github.com/ForgeVTT/forge-compendium-browser/releases/latest/download/module.zip",
  "bugs": "https://github.com/ForgeVTT/forge-compendium-browser/issues",
  "allowBugReporter": true
}